horizon,coef,se,p_value,ci_lower,ci_upper,n_obs,variant
1,-0.457688371145818,1.24871775004455,0.714204183544208,-2.51164629134528,1.59626954905364,345,zs_exCredit
2,-0.616139393407867,1.23789814645055,0.619002676561644,-2.65230064939357,1.42002186257783,344,zs_exCredit
3,-1.31218685534496,1.35610917760287,0.333942761489237,-3.54278795466722,0.918414243977302,343,zs_exCredit
4,-3.87900462627772,1.58541402370678,0.0149374933392957,-6.48677863339155,-1.2712306191639,342,zs_exCredit
5,-5.47939803289255,1.94447053766997,0.00512473812478773,-8.67776744927929,-2.28102861650582,341,zs_exCredit
6,-5.74319749102496,2.17430469401341,0.00865072047784287,-9.31961045307052,-2.1667845289794,340,zs_exCredit
7,-6.80652892786888,2.18959743594869,0.00204448664566054,-10.4080962119527,-3.20496164378504,339,zs_exCredit
8,-8.26773256671233,2.32865409145816,0.000441023175092372,-12.0980276949627,-4.43743743846199,338,zs_exCredit
9,-8.44462137602097,2.44969492182738,0.000640650993384985,-12.4740109531133,-4.4152317989286,337,zs_exCredit
10,-8.84916916236745,2.72482108223238,0.00128526737901388,-13.3311010022712,-4.3672373224637,336,zs_exCredit
11,-10.2245298788971,3.03919188889196,0.000859691493277837,-15.2235556803426,-5.2255040774517,335,zs_exCredit
12,-10.2202288660727,3.38156164606402,0.00270888352988955,-15.7824028043611,-4.65805492778426,334,zs_exCredit
13,-9.77441409693955,3.66247635301887,0.00799788313258534,-15.7986516098266,-3.75017658405247,333,zs_exCredit
14,-10.1435705599443,3.57765268579249,0.00486929578426103,-16.0282855561428,-4.25885556374587,332,zs_exCredit
15,-9.84633127423439,3.44415303182967,0.00453070566877333,-15.5114588804153,-4.18120366805345,331,zs_exCredit
16,-8.46797888831061,3.22053439317509,0.00896872300039936,-13.7652865656466,-3.1706712109746,330,zs_exCredit
17,-6.63416132900943,3.03148573306119,0.0293662387720973,-11.6205116320868,-1.64781102593209,329,zs_exCredit
18,-6.00929198310502,3.00550167736707,0.0464149754708263,-10.952902317931,-1.06568164827906,328,zs_exCredit
1,-0.726502531249015,1.20821368092446,0.548046058336339,-2.71383718645,1.26083212395197,345,zs_exCredit_exNPL
2,-1.00225805907442,1.30090592530017,0.441590596392466,-3.14205788862706,1.13754177047822,344,zs_exCredit_exNPL
3,-1.64044507974576,1.38481540046612,0.23702502396864,-3.91826371386071,0.637373554369195,343,zs_exCredit_exNPL
4,-4.08044380393276,1.69188062517224,0.0164186581008637,-6.86333978661625,-1.29754782124927,342,zs_exCredit_exNPL
5,-5.56939051328765,2.05345602774243,0.00703400737585915,-8.94702510830514,-2.19175591827016,341,zs_exCredit_exNPL
6,-6.05806724779842,2.20423391406704,0.00631953998424942,-9.68370939600103,-2.4324250995958,340,zs_exCredit_exNPL
7,-7.10900073993422,2.21928860684515,0.00149204256558872,-10.7594056541555,-3.4585958257129,339,zs_exCredit_exNPL
8,-8.33448304296161,2.319233597023,0.000376280309563806,-12.1492828367726,-4.51968324915062,338,zs_exCredit_exNPL
9,-8.92299731075105,2.42063221924454,0.000266488629312921,-12.904582996091,-4.94141162541108,337,zs_exCredit_exNPL
10,-9.27422262015529,2.65519764167058,0.000544052182844308,-13.6416340913301,-4.90681114898044,336,zs_exCredit_exNPL
11,-10.5662882863956,2.99017309576038,0.000469418802457078,-15.4846853481698,-5.64789122462146,335,zs_exCredit_exNPL
12,-10.7108232577062,3.28440154692878,0.00122820519697491,-16.113183054537,-5.30846346087534,334,zs_exCredit_exNPL
13,-10.3666189690402,3.52243943265473,0.00348628722850156,-16.1605162455592,-4.57272169252119,333,zs_exCredit_exNPL
14,-10.9118868227142,3.44218928850229,0.00167110549781865,-16.5737843585607,-5.24998928686765,332,zs_exCredit_exNPL
15,-10.71765841202,3.29555850903206,0.00126749947538245,-16.1383697784322,-5.29694704560784,331,zs_exCredit_exNPL
16,-9.53566294205236,3.07768941040968,0.00211933591521002,-14.5980115313949,-4.47331435270986,330,zs_exCredit_exNPL
17,-7.62835596396927,2.89132000119778,0.00874060909179177,-12.3841541546168,-2.87255777332177,329,zs_exCredit_exNPL
18,-7.23128192352626,2.87903374377472,0.0125116959104723,-11.9668710190898,-2.49569282796274,328,zs_exCredit_exNPL
1,0.416654640444802,1.31764073699068,0.752038644034427,-1.75067150481332,2.58398078570293,345,zs_exCredit_exROE
2,-0.320782182612385,1.35553155258518,0.813076324773645,-2.55043317332928,1.90886880810451,344,zs_exCredit_exROE
3,-0.822972864559457,1.41227494202869,0.560471646106029,-3.14595842520802,1.50001269608911,343,zs_exCredit_exROE
4,-3.21332535875594,1.53436456764555,0.036998887904088,-5.73713048291354,-0.689520234598336,342,zs_exCredit_exROE
5,-4.21508200574423,1.87717708404289,0.0254017230036087,-7.30276354086237,-1.12740047062609,341,zs_exCredit_exROE
6,-4.30429881239519,2.04196336602582,0.0357938036515457,-7.66302966110479,-0.945567963685587,340,zs_exCredit_exROE
7,-5.75214376891131,2.15374448807781,0.00794513938157763,-9.29473820165284,-2.20954933616978,339,zs_exCredit_exROE
8,-7.58331848592852,2.37824365374679,0.00156779711234123,-11.4951811855683,-3.67145578628879,338,zs_exCredit_exROE
9,-8.95012136382001,2.57406716227865,0.000575731403755705,-13.1840850717107,-4.71615765592929,337,zs_exCredit_exROE
10,-9.15657537648439,2.89481939721402,0.00170839628602112,-13.9181295613614,-4.39502119160743,336,zs_exCredit_exROE
11,-10.8763284187487,3.35192112166875,0.00129800060555754,-16.3897480329808,-5.36290880451665,335,zs_exCredit_exROE
12,-11.7317839671018,3.59162622798528,0.00120613920585352,-17.6394833948574,-5.82408453934615,334,zs_exCredit_exROE
13,-11.8170282694747,3.97815825289511,0.00319693075599761,-18.3605163003361,-5.27354023861322,333,zs_exCredit_exROE
14,-11.8646810970117,3.94296569750145,0.00282788357669128,-18.3502825254922,-5.37907966853118,332,zs_exCredit_exROE
15,-11.2880921352089,3.63574453589491,0.00207455797071511,-17.2683597217447,-5.30782454867319,331,zs_exCredit_exROE
16,-10.4689215337506,3.45657126951296,0.00265658921885797,-16.1544753232253,-4.78336774427601,330,zs_exCredit_exROE
17,-8.65234389758937,3.28837667632585,0.00892319797596581,-14.0612422004266,-3.24344559475217,329,zs_exCredit_exROE
18,-8.29772767010218,3.28999859908393,0.0121549028061888,-13.7092937984706,-2.88616154173372,328,zs_exCredit_exROE
1,-1.08378947471528,1.14052231612591,0.342668703946347,-2.95978174301408,0.792202793583518,345,zs_exCredit_exLiquidez
2,-1.7991935547881,1.23451976334025,0.1459473629837,-3.82979786506158,0.231410755485373,344,zs_exCredit_exLiquidez
3,-2.91378258294587,1.41163289445263,0.0397826822050496,-5.23571206931028,-0.591853096581456,343,zs_exCredit_exLiquidez
4,-4.67719180543765,1.73247899520627,0.00729649536210233,-7.52686616431993,-1.82751744655537,342,zs_exCredit_exLiquidez
5,-6.75540250143329,2.03514301540487,0.0010030447525679,-10.1029148716869,-3.40789013117963,341,zs_exCredit_exLiquidez
6,-6.85251489687136,2.20071648073863,0.00200938451501598,-10.4723713821062,-3.23265841163655,340,zs_exCredit_exLiquidez
7,-7.37510332469325,2.22746973848726,0.0010332702544212,-11.0389650029687,-3.71124164641783,339,zs_exCredit_exLiquidez
8,-8.97504484888098,2.2641798449396,9.05811314746788e-05,-12.6992892789003,-5.25080041886167,338,zs_exCredit_exLiquidez
9,-9.18812736280197,2.41503054094496,0.000169614771910795,-13.1604991072739,-5.21575561833008,337,zs_exCredit_exLiquidez
10,-9.22336103327325,2.74683179316255,0.00087887996884734,-13.7414972708823,-4.70522479566421,336,zs_exCredit_exLiquidez
11,-10.4533414850924,2.8859033852127,0.000338938390557226,-15.2002301352911,-5.70645283489377,335,zs_exCredit_exLiquidez
12,-10.0460317315402,3.23451094345988,0.0020652327883876,-15.3663287883044,-4.72573467477598,334,zs_exCredit_exLiquidez
13,-9.21592140442297,3.45411520095275,0.00801420265428907,-14.8974353206183,-3.53440748822763,333,zs_exCredit_exLiquidez
14,-9.14616320784987,3.36549560537665,0.00693211487674705,-14.6819108608429,-3.61041555485685,332,zs_exCredit_exLiquidez
15,-8.89722492689629,3.41659358090045,0.00964057089826115,-14.5170212702595,-3.27742858353306,331,zs_exCredit_exLiquidez
16,-8.13936306015467,3.26018005217475,0.0130431833912338,-13.5018820434891,-2.7768440768202,330,zs_exCredit_exLiquidez
17,-6.70389284254553,3.09226800589975,0.0309036645380052,-11.7902210875557,-1.61756459753532,329,zs_exCredit_exLiquidez
18,-6.18982168832737,3.1080412083755,0.0472781895462312,-11.3020945426384,-1.0775488340163,328,zs_exCredit_exLiquidez
1,0.211021810257255,1.16752885737974,0.856679503206759,-1.70939226537431,2.13143588588882,345,zs_exCredit_exRatioCD
2,0.259304848394232,1.15788752715642,0.822936272032709,-1.64525065025088,2.16386034703934,344,zs_exCredit_exRatioCD
3,-0.0680619663623571,1.31007162227052,0.958597500014781,-2.22293802582022,2.08681409309551,343,zs_exCredit_exRatioCD
4,-2.35868535067788,1.46013246659056,0.107178710404608,-4.76038953417897,0.0430188328232051,342,zs_exCredit_exRatioCD
5,-3.64032205693166,1.70233336008276,0.0332157493446603,-6.44041125854426,-0.840232855319048,341,zs_exCredit_exRatioCD
6,-3.8231110265994,1.98079252975977,0.0544548502026695,-7.08122480341314,-0.564997249785668,340,zs_exCredit_exRatioCD
7,-4.76921873704465,2.10245106519227,0.0239539120746565,-8.22744299711414,-1.31099447697515,339,zs_exCredit_exRatioCD
8,-5.99520559836032,2.1394010346575,0.00537677386393759,-9.51420714972043,-2.4762040470002,338,zs_exCredit_exRatioCD
9,-6.3471901946493,2.26999759131001,0.00547880651636974,-10.0810039658867,-2.61337642341193,337,zs_exCredit_exRatioCD
10,-6.8184060026644,2.52740418733205,0.00734446775732943,-10.9756159469699,-2.66119605835893,336,zs_exCredit_exRatioCD
11,-8.19759183838853,2.88956322332235,0.00484125963479168,-12.9505003865759,-3.44468329020117,335,zs_exCredit_exRatioCD
12,-9.16213774918637,3.20380217296284,0.00451534472687805,-14.4319233734193,-3.89235212495344,334,zs_exCredit_exRatioCD
13,-8.88994858135059,3.49391029623054,0.0114127925878202,-14.6369196043485,-3.1429775583527,333,zs_exCredit_exRatioCD
14,-9.48906518576198,3.53023886142174,0.00756440765117948,-15.2957913809766,-3.6823389905474,332,zs_exCredit_exRatioCD
15,-9.34611266302804,3.39150292096094,0.00619145830799261,-14.9246385433872,-3.76758678266892,331,zs_exCredit_exRatioCD
16,-8.23545262942634,3.21981312840664,0.0109973691533671,-13.531573931792,-2.93933132706071,330,zs_exCredit_exRatioCD
17,-6.76461722033372,3.11100004927141,0.0304106284641372,-11.881756934824,-1.64747750584344,329,zs_exCredit_exRatioCD
18,-6.08060422975506,3.03312722310859,0.0458418608078249,-11.0696545436905,-1.09155391581965,328,zs_exCredit_exRatioCD
1,-0.816073533166943,1.13852953207654,0.474011671032241,-2.68878796339441,1.05664089706052,345,zs_exCredit_exTCN
2,-0.907554126882386,1.18921882986026,0.445913348809793,-2.86364503241702,1.04853677865224,344,zs_exCredit_exTCN
3,-1.65530179101347,1.34008418921683,0.217621204080802,-3.85954413006709,0.548940548040156,343,zs_exCredit_exTCN
4,-4.06509262200172,1.60163523683248,0.0116039673116402,-6.6995481503589,-1.43063709364454,342,zs_exCredit_exTCN
5,-5.40461268993664,2.00809309852699,0.00747748635854853,-8.70763190630498,-2.1015934735683,341,zs_exCredit_exTCN
6,-5.40862615275813,2.19822510743838,0.0143896317123782,-9.02438469358395,-1.79286761193232,340,zs_exCredit_exTCN
7,-6.13360841207055,2.21702532826458,0.00598571393850968,-9.78029056430983,-2.48692625983128,339,zs_exCredit_exTCN
8,-7.31596793025402,2.34526987176873,0.00197307676587671,-11.1735935850128,-3.45834227549521,338,zs_exCredit_exTCN
9,-7.10273269496467,2.37986423461768,0.00305494772687011,-11.0172610129276,-3.18820437700169,337,zs_exCredit_exTCN
10,-7.04948000547441,2.56153152290824,0.00625467640947131,-11.2628244214806,-2.83613558946826,336,zs_exCredit_exTCN
11,-7.81282651991004,2.72964850510657,0.00448073736123763,-12.3026987638372,-3.32295427598284,335,zs_exCredit_exTCN
12,-7.21733860718106,3.06964718687342,0.019313806443464,-12.2664589159712,-2.16821829839093,334,zs_exCredit_exTCN
13,-6.56027290733337,3.25181393070831,0.0444810889312049,-11.9090308454303,-1.21151496923649,333,zs_exCredit_exTCN
14,-6.87107755316049,3.07917497664661,0.026340335005425,-11.9358696815159,-1.8062854248051,332,zs_exCredit_exTCN
15,-6.5549582886318,2.98821694566715,0.028983018908351,-11.4701377698303,-1.63977880743333,331,zs_exCredit_exTCN
16,-5.21427805650957,2.76087579977111,0.0598482255062129,-9.75551462932562,-0.673041483693513,330,zs_exCredit_exTCN
17,-3.38955837261397,2.57760512139414,0.189456377686633,-7.62934150538781,0.850224760159866,329,zs_exCredit_exTCN
18,-2.98932384658042,2.52720087372417,0.237751172284302,-7.14619936976054,1.1675516765997,328,zs_exCredit_exTCN
1,1.35825968719314,1.42187153680582,0.340136145429686,-0.980510867180981,3.69703024156727,345,zs_exCredit_QtyLag1
2,-0.322818381559257,1.5018185984897,0.829936597509374,-2.79309015030822,2.14745338718971,344,zs_exCredit_QtyLag1
3,-2.50401594766546,1.75828582770169,0.155349957751305,-5.39613876857796,0.388106873247037,343,zs_exCredit_QtyLag1
4,-4.39986202132745,2.33179417597352,0.0600487426642414,-8.23532212898181,-0.564401913673085,342,zs_exCredit_QtyLag1
5,-6.24298170969648,2.66842947193026,0.019901787509999,-10.6321576048652,-1.85380581452779,341,zs_exCredit_QtyLag1
6,-6.77501055516004,2.65743078376741,0.0112422888270618,-11.1460952182123,-2.40392589210773,340,zs_exCredit_QtyLag1
7,-7.44598040474577,2.76867049376271,0.00752468919379069,-12.0000381082449,-2.89192270124666,339,zs_exCredit_QtyLag1
8,-7.39192484634794,2.87250553733527,0.010512591739902,-12.116775997872,-2.66707369482385,338,zs_exCredit_QtyLag1
9,-10.398975201247,2.92553007864504,0.000434592913836669,-15.2110439618619,-5.58690644063207,337,zs_exCredit_QtyLag1
10,-10.6097845000143,3.43855754389605,0.00220644394494624,-16.265708347573,-4.95386065245549,336,zs_exCredit_QtyLag1
11,-10.8854099902057,3.68219145751722,0.00334276398307418,-16.9420759642326,-4.82874401617877,335,zs_exCredit_QtyLag1
12,-12.140791366752,4.07741785908497,0.00312515700435946,-18.8475469208646,-5.43403581263935,334,zs_exCredit_QtyLag1
13,-12.3944230443542,4.2333419956506,0.00365673868064333,-19.357650980026,-5.43119510868229,333,zs_exCredit_QtyLag1
14,-12.2033348180721,4.27648403884106,0.00460362726148134,-19.2375250999599,-5.1691445361843,332,zs_exCredit_QtyLag1
15,-9.88007861449309,4.14509406151009,0.0177289938078029,-16.698151615623,-3.06200561336322,331,zs_exCredit_QtyLag1
16,-9.17926468339645,3.73595749000417,0.0145421374644685,-15.3243679109663,-3.03416145582657,330,zs_exCredit_QtyLag1
17,-6.93921190582726,3.86997245923983,0.0739086057839762,-13.3047501416102,-0.57367367004432,329,zs_exCredit_QtyLag1
18,-6.72400771722577,3.79156647211764,0.0771205996673609,-12.9605795807161,-0.487435853735469,328,zs_exCredit_QtyLag1
1,0.632230892281816,0.985222395309693,0.521499114968697,-0.988315737997149,2.25277752256078,345,FCI_exCredit_AVG
2,0.695913520987735,1.041029719231,0.504286689559859,-1.01642798845365,2.40825503042912,344,FCI_exCredit_AVG
3,-0.245538929167303,1.16906503860226,0.833772957342215,-2.1684797980544,1.67740193971979,343,FCI_exCredit_AVG
4,-2.48161857406138,1.22890643081264,0.0442542455463826,-4.50298977396753,-0.460247374155228,342,FCI_exCredit_AVG
5,-3.01555763461934,1.39329863944418,0.0311558675171071,-5.30732995513564,-0.723785314103032,341,FCI_exCredit_AVG
6,-3.23940612126519,1.71866693416473,0.0603331327016335,-6.06636166144761,-0.41245058108277,340,FCI_exCredit_AVG
7,-4.19826897028938,1.75722414203249,0.0174521510622566,-7.08864547367822,-1.30789246690055,339,FCI_exCredit_AVG
8,-5.74198219306853,1.85143693010736,0.00209398410607431,-8.78732494262753,-2.69663944350953,338,FCI_exCredit_AVG
9,-5.71522151462666,1.94840978724343,0.00359164911842604,-8.92007041996177,-2.51037260929156,337,FCI_exCredit_AVG
10,-6.250382920102,2.22902769428903,0.00534939836634321,-9.9168072076286,-2.58395863257541,336,FCI_exCredit_AVG
11,-7.40519796608836,2.54796117756302,0.00390890188858955,-11.5962211503344,-3.21417478184229,335,FCI_exCredit_AVG
12,-7.65628048038673,2.74502470347937,0.00559825152330609,-12.1714443199762,-3.14111664079731,334,FCI_exCredit_AVG
13,-7.97473739828044,2.90221607837494,0.00633752809707411,-12.7484580409923,-3.20101675556854,333,FCI_exCredit_AVG
14,-7.97170165165561,2.90925482288054,0.00648531712719614,-12.7569999987967,-3.18640330451449,332,FCI_exCredit_AVG
15,-7.40133279660076,2.75508840436095,0.00759922505161104,-11.9330499510858,-2.86961564211572,331,FCI_exCredit_AVG
16,-6.10013547399511,2.6918115502566,0.0241098495536588,-10.5277714655046,-1.67249948248567,330,FCI_exCredit_AVG
17,-5.10677349376024,2.64292148595491,0.0542171825551658,-9.45399248568116,-0.759554501839328,329,FCI_exCredit_AVG
18,-4.28019524327447,2.57334561856582,0.0972446067241827,-8.51297211737214,-0.0474183691767927,328,FCI_exCredit_AVG
1,-0.920945751354987,0.767358030726201,0.23093113468003,-2.18313739136532,0.341245888655343,345,FCI_RATES_AVG
2,-1.33012036379888,1.0192029617349,0.192773705416359,-3.00656005200821,0.346319324410445,344,FCI_RATES_AVG
3,-1.93027785189559,1.3020273300236,0.139151312994234,-4.07192222807485,0.211366524283664,343,FCI_RATES_AVG
4,-2.3030144165845,1.55721248669501,0.140108980834719,-4.86440102325891,0.258372190089908,342,FCI_RATES_AVG
5,-2.19014637475527,1.62232073032995,0.177938565542749,-4.85862651211705,0.478333762606498,341,FCI_RATES_AVG
6,-2.42245961093675,1.69945219438818,0.154979358367324,-5.21780971670678,0.372890494833286,340,FCI_RATES_AVG
7,-2.43836103209895,1.75932908331716,0.166700417948111,-5.33219985579439,0.455477791596483,339,FCI_RATES_AVG
8,-3.54514386847618,1.83051902316117,0.0536447598788035,-6.55607972292649,-0.534208014025866,338,FCI_RATES_AVG
9,-4.84507670557627,1.97866319885737,0.0148651615307265,-8.09968804473221,-1.59046536642034,337,FCI_RATES_AVG
10,-4.93574445189043,2.10008295169854,0.0193577409524025,-8.39007351189073,-1.48141539189014,336,FCI_RATES_AVG
11,-5.45772908921463,2.44885129833137,0.0265202358756544,-9.4857310291398,-1.42972714928945,335,FCI_RATES_AVG
12,-5.43944476708963,2.31657066563663,0.0194743461879155,-9.24986442855142,-1.62902510562783,334,FCI_RATES_AVG
13,-6.24303177268249,2.53498459057078,0.0143106435483998,-10.4127103707489,-2.07335317461606,333,FCI_RATES_AVG
14,-6.55129702982314,2.61185897804867,0.0126245951595049,-10.8474227429523,-2.25517131669402,332,FCI_RATES_AVG
15,-6.74502660683455,2.86244368767347,0.0190561381131624,-11.4533274884486,-2.03672572522049,331,FCI_RATES_AVG
16,-7.03171838083905,2.94546615031824,0.0175545431738961,-11.8765790612528,-2.18685770042531,330,FCI_RATES_AVG
17,-7.31096426901189,2.88749764526434,0.0118245305480694,-12.0604752436388,-2.56145329438501,329,FCI_RATES_AVG
18,-7.16532574812613,3.01501277450335,0.0180689685843812,-12.124580445573,-2.20607105067928,328,FCI_RATES_AVG
